bucket,synthetic_probability,mimic_probability
0,0.0,0.0
1,0.889,0.8379836629406707
2,0.0985,0.1109200343938091
3,0.0125,0.0288478073946689
4,0.0,0.0109200343938091
5+,0.0,0.011328460877041693
