num_admissions,probability
1,0.88864
2,0.09508
3,0.01392
4,0.00214
5,0.00022
