bucket,synthetic_probability,mimic_probability
0,0.0,0.0
1,0.88864,0.8379836629406707
2,0.09508,0.1109200343938091
3,0.01392,0.0288478073946689
4,0.00214,0.0109200343938091
5+,0.00022,0.011328460877041693
