weekday,probability
0,0.14383993525132463
1,0.1423059186688877
2,0.1420588761211026
3,0.1432211524887772
4,0.14263766151877053
5,0.14248237763159133
6,0.143454078319546
