careunit,probability
MICU,0.3900460986853338
CSRU,0.1934437425303056
SICU,0.1598941437596039
CCU,0.12463718627283592
TSICU,0.11994194980365375
NICU,0.00751237835069148
NWARD,0.0045245005975755506
