careunit,probability
MICU,0.4453882330358
CCU,0.15706881658508495
SICU,0.15632498320376237
TSICU,0.12669162107687879
CSRU,0.10924752855360399
NICU,0.004582973413955274
NWARD,0.0006958441309146751
