disposition,probability
HOME,0.5684943109630425
ADMITTED,0.37176374262401535
TRANSFER,0.016528322839907017
LEFT WITHOUT BEING SEEN,0.014479046086375486
ELOPED,0.013434409027169974
OTHER,0.009987577289025664
LEFT AGAINST MEDICAL ADVICE,0.004425590784607132
EXPIRED,0.0008870003858569318
